{
  "textures": {
    "background": {
      "file": "textures/MainMenu.png",
      "wrapS": "clamp",
      "wrapT": "clamp",
      "minfilter": "linear",
      "magfilter": "linear"
    },
    "logo": {
      "file": "textures/Humblegends_Logo.png",
      "wrapS": "clamp",
      "wrapT": "clamp",
      "minfilter": "linear",
      "magfilter": "linear"
    },
    "progress": {
      "file": "textures/progress.png",
      "wrapS": "clamp",
      "wrapT": "clamp",
      "minfilter": "linear",
      "magfilter": "linear",
      "atlas": {
        "background": [ 0, 0, 320, 45 ],
        "foreground": [ 24, 45, 296, 90 ],
        "leftcap": [ 0, 45, 24, 90 ],
        "rightcap": [ 296, 45, 320, 90 ]
      }
    },
    "title": {
      "file": "textures/Title.png",
      "wrapS": "clamp",
      "wrapT": "clamp",
      "minfilter": "linear",
      "magfilter": "linear"
    },
    "loadGame-noSave": {
      "file": "textures/resume_locked.png",
      "wrapS": "clamp",
      "wrapT": "clamp",
      "minfilter": "linear",
      "magfilter": "linear"
    },
    "loadGame-withSave": {
      "file": "textures/resume.png",
      "wrapS": "clamp",
      "wrapT": "clamp",
      "minfilter": "linear",
      "magfilter": "linear"
    },
    "new": {
      "file": "textures/new_game.png",
      "wrapS": "clamp",
      "wrapT": "clamp",
      "minfilter": "linear",
      "magfilter": "linear"
    },
    "settings-button": {
        "file": "textures/settings.png",
        "wrapS": "clamp",
        "wrapT": "clamp",
        "minfilter": "linear",
        "magfilter": "linear"
    },
    "credits_button": {
        "file": "textures/Credits_Icon.png",
        "wrapS": "clamp",
        "wrapT": "clamp",
        "minfilter": "linear",
        "magfilter": "linear"
    },
    "volume": {
        "file": "textures/volume.png",
        "wrapS": "clamp",
        "wrapT": "clamp",
        "minfilter": "linear",
        "magfilter": "linear"
    },
    "music-txt": {
        "file": "textures/music_text.png",
        "wrapS": "clamp",
        "wrapT": "clamp",
        "minfilter": "linear",
        "magfilter": "linear"
    },
    "sfx-txt": {
        "file": "textures/sound_effects_text.png",
        "wrapS": "clamp",
        "wrapT": "clamp",
        "minfilter": "linear",
        "magfilter": "linear"
    },
    "volume-bar": {
        "file": "textures/volume_bar.png",
        "wrapS": "clamp",
        "wrapT": "clamp",
        "minfilter": "linear",
        "magfilter": "linear",
        "atlas": {
            "background": [ 0, 0, 645, 75 ],
            "foreground": [ 21, 75, 624, 150 ],
            "leftcap": [ 0, 75, 21, 150 ],
            "rightcap": [ 624, 75, 645, 150 ]
        }
    },
    "sound-on": {
        "file": "textures/sound_on.png",
        "wrapS": "clamp",
        "wrapT": "clamp",
        "minfilter": "linear",
        "magfilter": "linear"
    },
    "sound-off": {
        "file": "textures/sound_off.png",
        "wrapS": "clamp",
        "wrapT": "clamp",
        "minfilter": "linear",
        "magfilter": "linear"
    },
    "plus-volume": {
        "file": "textures/Plus_Volume.png",
        "wrapS": "clamp",
        "wrapT": "clamp",
        "minfilter": "linear",
        "magfilter": "linear"
    },
    "minus-volume": {
        "file": "textures/Minus_Volume.png",
        "wrapS": "clamp",
        "wrapT": "clamp",
        "minfilter": "linear",
        "magfilter": "linear"
    },
    "done": {
        "file": "textures/done.png",
        "wrapS": "clamp",
        "wrapT": "clamp",
        "minfilter": "linear",
        "magfilter": "linear"
    },
    "credits-content": {
        "file": "textures/credits_content.png",
        "wrapS": "clamp",
        "wrapT": "clamp",
        "minfilter": "linear",
        "magfilter": "linear"
    }
  },
  "sounds": {
    "titlescreen_music": {
      "type": "sample",
      "file": "sounds/titlescreenmusic.ogg",
      "volume": 0.2,
      "stream": true
    }
  },
"scene2s" : {
	"load" : {
		"type"      : "Solid",
        "format"    : {
			"type" : "Anchored"
        },
        "data" : {
			"color": [0,0,0,255]
        },
        "children"  : {
            "background"  : {
            	"type"   : "Image",
                "format"    : {
                    "type" : "Anchored"
			    },
			    "data"   : {
                    "texture"  : "background",
                    "anchor"   : [0.5,0.5],
                    "scale"    : 0.425
			    },
			    "layout" : {
                    "x_anchor" : "center",
                    "y_anchor" : "middle",
                    "y_offset" : 0,
                    "absolute" : false
   		    	}
		    },
		    "logo"  : {
			    "type"   : "Image",
			    "format"    : {
				    "type" : "Anchored"
			    },
			    "data"   : {
                    "texture"  : "logo",
                    "anchor"   : [0.5,0.5],
                    "scale"    : 0.75
			    },
			    "layout" : {
                    "x_anchor" : "center",
                    "y_anchor" : "middle",
                    "y_offset" : 0,
                    "absolute" : true
		    	}
            },
            "bar"  : {
                "type"   : "Progress",
                "data"   : {
                    "anchor"     : [0.5,0.5],
                    "background" : "progress_background",
                    "foreground" : "progress_foreground",
                    "left_cap"   : "progress_leftcap",
                    "right_cap"  : "progress_rightcap"
                },
                "layout" : {
                    "x_anchor" : "center",
                    "y_anchor" : "middle",
                    "y_offset" : -175,
                    "absolute" : true
                }
            },
            "title"  : {
			    "type"   : "Image",
			    "format"    : {
				    "type" : "Anchored"
			    },
			    "data"   : {
                    "visible"  : false,
                    "texture"  : "title",
                    "anchor"   : [1,0.5],
                    "scale"    : 0.45
			    },
			    "layout" : {
                    "x_anchor" : "right",
                    "y_anchor" : "middle",
                    "x_offset" : -15,
                    "y_offset" : 160,
                    "absolute" : true
		    	}
            },
            "load-noSave"  : {
			    "type"   : "Button",
			    "data"   : {
                    "upnode"   : "up",
                    "visible"  : false,
                    "anchor"   : [1,0.5],
                    "scale"    : 0.4
			    },
                "children" : {
                    "up"       : {
                        "type"   : "Image",
                        "data"   : {
                            "texture"  : "loadGame-noSave"
                        }
                    }
                },
			    "layout" : {
                    "x_anchor" : "right",
                    "y_anchor" : "middle",
                    "x_offset" : -25,
                    "y_offset" : 35,
                    "absolute" : true
		    	}
            },
            "load-withSave"  : {
			    "type"   : "Button",
			    "data"   : {
                    "upnode"   : "up",
                    "pushable" : [0,0, 0,133, 745,133, 745,0],
                    "pushsize" : true,
                    "visible"  : false,
                    "anchor"   : [1,0.5],
                    "scale"    : 0.4
			    },
                "children" : {
                    "up"       : {
                        "type"   : "Image",
                        "data"   : {
                            "texture"  : "loadGame-withSave"
                        }
                    }
                },
			    "layout" : {
                    "x_anchor" : "right",
                    "y_anchor" : "middle",
                    "x_offset" : -25,
                    "y_offset" : 35,
                    "absolute" : true
		    	}
            },
            "new"  : {
			    "type"   : "Button",
			    "data"   : {
                    "upnode"   : "up",
                    "pushable" : [0,0, 0,133, 745,133, 745,0],
                    "pushsize" : true,
                    "visible"  : false,
                    "anchor"   : [1,0.5],
                    "scale"    : 0.4
			    },
                "children" : {
                    "up"       : {
                        "type"   : "Image",
                        "data"   : {
                            "texture"  : "new"
                        }
                    }
                },
			    "layout" : {
                    "x_anchor" : "right",
                    "y_anchor" : "middle",
                    "x_offset" : -25,
                    "y_offset" : -30,
                    "absolute" : true
		    	}
            },
            "settings-button"  : {
			    "type"   : "Button",
			    "data"   : {
                    "upnode"   : "up",
                    "pushable" : [0,0, 0,133, 745,133, 745,0],
                    "pushsize" : true,
                    "visible"  : false,
                    "anchor"   : [1,0.5],
                    "scale"    : 0.4
			    },
                "children" : {
                    "up"       : {
                        "type"   : "Image",
                        "data"   : {
                            "texture"  : "settings-button"
                        }
                    }
                },
			    "layout" : {
                    "x_anchor" : "right",
                    "y_anchor" : "middle",
                    "x_offset" : -25,
                    "y_offset" : -95,
                    "absolute" : true
		    	}
            },
            "credits"  : {
			    "type"   : "Button",
			    "data"   : {
                    "upnode"   : "up",
                    "pushable" : [0,0, 0,131, 200,131, 200,0],
                    "pushsize" : true,
                    "visible"  : false,
                    "anchor"   : [1,0],
                    "scale"    : 0.4
			    },
                "children" : {
                    "up"       : {
                        "type"   : "Image",
                        "data"   : {
                            "texture"  : "credits_button"
                        }
                    }
                },
			    "layout" : {
                    "x_anchor" : "right",
                    "y_anchor" : "bottom",
                    "x_offset" : -25,
                    "y_offset" : 25,
                    "absolute" : true
		    	}
            },
            "volume"  : {
			    "type"   : "Image",
			    "format"    : {
				    "type" : "Anchored"
			    },
			    "data"   : {
                    "visible"  : false,
                    "texture"  : "volume",
                    "anchor"   : [1,0.5],
                    "scale"    : 0.45
			    },
                "children" : {
                    "music"       : {
                        "type"   : "Image",
                        "data"   : {
                            "texture"  : "music-txt",
                            "anchor"   : [0,1],
                            "scale"    : 0.45
                        },
                        "layout" : {
                            "x_anchor" : "left",
                            "y_anchor" : "top",
                            "x_offset" : 20,
                            "y_offset" : -20,
                            "absolute" : true
                        }
                    },
                    "music-mute"  : {
                        "type"   : "Button",
                        "data"   : {
                            "upnode"   : "up",
                            "pushable" : [0,0, 0,256, 256,256, 256,0],
                            "pushsize" : true,
                            "anchor"   : [0,1],
                            "scale"    : 0.4
                        },
                        "children" : {
                            "on"       : {
                                "type"   : "Image",
                                "data"   : {
                                    "texture"  : "sound-on"
                                }
                            },
                            "off"       : {
                                "type"   : "Image",
                                "data"   : {
                                    "texture"  : "sound-off",
                                    "visible"  : false     
                                }
                            }
                        },
                        "layout" : {
                            "x_anchor" : "left",
                            "y_anchor" : "top",
                            "x_offset" : 20,
                            "y_offset" : -165,
                            "absolute" : true
                        }
                    },
                    "music-bar"  : {
                        "type"   : "Progress",
                        "data"   : {
                            "anchor"   : [0,1],
                            "scale"    : 0.5,
                            "background" : "volume-bar_background",
                            "foreground" : "volume-bar_foreground",
                            "left_cap"   : "volume-bar_leftcap",
                            "right_cap"  : "volume-bar_rightcap"
                        },
                        "layout" : {
                            "x_anchor" : "left",
                            "y_anchor" : "top",
                            "x_offset" : 135,
                            "y_offset" : -115,
                            "absolute" : true
                        }
                    },
                    "music-minus"  : {
                        "type"   : "Button",
                        "data"   : {
                            "upnode"   : "up",
                            "pushable" : [0,0, 0,256, 256,256, 256,0],
                            "pushsize" : true,
                            "anchor"   : [1,1],
                            "scale"    : 0.3
                        },
                        "children" : {
                            "texture"       : {
                                "type"   : "Image",
                                "data"   : {
                                    "texture"  : "minus-volume"
                                }
                            }
                        },
                        "layout" : {
                            "x_anchor" : "right",
                            "y_anchor" : "top",
                            "x_offset" : -170,
                            "y_offset" : -155,
                            "absolute" : true
                        }
                    },
                    "music-plus"  : {
                        "type"   : "Button",
                        "data"   : {
                            "upnode"   : "up",
                            "pushable" : [0,0, 0,256, 256,256, 256,0],
                            "pushsize" : true,
                            "anchor"   : [1,1],
                            "scale"    : 0.3
                        },
                        "children" : {
                            "texture"       : {
                                "type"   : "Image",
                                "data"   : {
                                    "texture"  : "plus-volume"
                                }
                            }
                        },
                        "layout" : {
                            "x_anchor" : "right",
                            "y_anchor" : "top",
                            "x_offset" : -80,
                            "y_offset" : -155,
                            "absolute" : true
                        }
                    },
                    "sfx"       : {
                        "type"   : "Image",
                        "data"   : {
                            "texture"  : "sfx-txt",
                            "anchor"   : [0,1],
                            "scale"    : 0.45
                        },
                        "layout" : {
                            "x_anchor" : "left",
                            "y_anchor" : "middle",
                            "x_offset" : 20,
                            "y_offset" : -10,
                            "absolute" : true
                        }
                    },
                    "sfx-mute"  : {
                        "type"   : "Button",
                        "data"   : {
                            "upnode"   : "up",
                            "pushable" : [0,0, 0,256, 256,256, 256,0],
                            "pushsize" : true,
                            "anchor"   : [0,1],
                            "scale"    : 0.4
                        },
                        "children" : {
                            "on"       : {
                                "type"   : "Image",
                                "data"   : {
                                    "texture"  : "sound-on"
                                }
                            },
                            "off"       : {
                                "type"   : "Image",
                                "data"   : {
                                    "texture"  : "sound-off",
                                    "visible"  : false     
                                }
                            }
                        },
                        "layout" : {
                            "x_anchor" : "left",
                            "y_anchor" : "middle",
                            "x_offset" : 20,
                            "y_offset" : -150,
                            "absolute" : true
                        }
                    },
                    "sfx-bar"  : {
                        "type"   : "Progress",
                        "data"   : {
                            "anchor"   : [0,1],
                            "scale"    : 0.5,
                            "background" : "volume-bar_background",
                            "foreground" : "volume-bar_foreground",
                            "left_cap"   : "volume-bar_leftcap",
                            "right_cap"  : "volume-bar_rightcap"
                        },
                        "layout" : {
                            "x_anchor" : "left",
                            "y_anchor" : "middle",
                            "x_offset" : 135,
                            "y_offset" : -100,
                            "absolute" : true
                        }
                    },
                    "sfx-minus"  : {
                        "type"   : "Button",
                        "data"   : {
                            "upnode"   : "up",
                            "pushable" : [0,0, 0,256, 256,256, 256,0],
                            "pushsize" : true,
                            "anchor"   : [1,1],
                            "scale"    : 0.3
                        },
                        "children" : {
                            "texture"       : {
                                "type"   : "Image",
                                "data"   : {
                                    "texture"  : "minus-volume"
                                }
                            }
                        },
                        "layout" : {
                            "x_anchor" : "right",
                            "y_anchor" : "middle",
                            "x_offset" : -170,
                            "y_offset" : -140,
                            "absolute" : true
                        }
                    },
                    "sfx-plus"  : {
                        "type"   : "Button",
                        "data"   : {
                            "upnode"   : "up",
                            "pushable" : [0,0, 0,256, 256,256, 256,0],
                            "pushsize" : true,
                            "anchor"   : [1,1],
                            "scale"    : 0.3
                        },
                        "children" : {
                            "texture"       : {
                                "type"   : "Image",
                                "data"   : {
                                    "texture"  : "plus-volume"
                                }
                            }
                        },
                        "layout" : {
                            "x_anchor" : "right",
                            "y_anchor" : "middle",
                            "x_offset" : -80,
                            "y_offset" : -140,
                            "absolute" : true
                        }
                    }
                },
			    "layout" : {
                    "x_anchor" : "right",
                    "y_anchor" : "middle",
                    "x_offset" : -25,
                    "y_offset" : -20,
                    "absolute" : true
		    	}
            },
            "done"  : {
			    "type"   : "Button",
			    "data"   : {
                    "upnode"   : "up",
                    "visible"  : false,
                    "anchor"   : [1,0.5],
                    "scale"    : 0.4
			    },
                "children" : {
                    "up"       : {
                        "type"   : "Image",
                        "data"   : {
                            "texture"  : "done"
                        }
                    }
                },
			    "layout" : {
                    "x_anchor" : "right",
                    "y_anchor" : "middle",
                    "x_offset" : -25,
                    "y_offset" : -185,
                    "absolute" : true
		    	}
            },
            "credits-content"  : {
			    "type"   : "Image",
			    "format"    : {
				    "type" : "Anchored"
			    },
			    "data"   : {
                    "visible"  : false,
                    "texture"  : "credits-content",
                    "anchor"   : [1,0.5],
                    "scale"    : 0.45
			    },
			    "layout" : {
                    "x_anchor" : "right",
                    "y_anchor" : "middle",
                    "x_offset" : -25,
                    "y_offset" : -30,
                    "absolute" : true
		    	}
            }
        }
    }
}
}
